query,answer
What parameters should I use to avoid cracks?,"To avoid cracks in sheet metal forming, focus on optimizing the following parameters, in order of importance based on SHAP analysis (Source 3): 

1. **BF (Blank Holder Force)**: Target a lower value than the average of 300047.6 kN (for Risk of Crack) or 300000.0 kN (for Crack), considering a standard deviation of around 129091.2 kN. 
2. **SHTK (Sheet Thickness)**: Aim for a higher value than the average of 0.9609 mm (for Risk of Crack) or 0.9550 mm (for Crack), with a standard deviation of around 0.0083 mm or 0.0050 mm, respectively.
3. **MAT (Material Hardening)**: Use a value lower than the average of 1.087 (for Crack) or 0.985 (for Risk of Crack), considering the standard deviations.
4. **FC (Friction Coefficient)**: While the weakest influence on cracks, maintaining the average value of 0.100 with a standard deviation of 0.032 is suggested.

Keep in mind that the optimal combination of these parameters may depend on specific conditions and requirements of your sheet metal forming process. (Source 1, Source 2, Source 3)"
How does blank holder force affect forming outcome?,"The Blank Holder Force (BF) significantly affects the sheet metal forming outcome. According to the provided context, BF ranges from 100kN to 500kN, with optimal values for safe forming typically between 180-280kN. 

Higher BF values above 350kN increase the crack risk, especially when combined with thin sheet thickness below 0.975mm. On the other hand, lower BF values below 200kN increase the wrinkling risk when the friction coefficient exceeds 0.12. BF is also the most influential parameter for crack formation, as indicated by SHAP analysis."
What did the Stuttgart paper find about springback?,"I can only answer questions about the provided context related to sheet metal forming. The context does not mention the Stuttgart paper or its findings about springback. If you have a question related to the provided context, I would be happy to help."
Which parameter is most important for safe forming?,"Based on the provided context, the MAT (Material) factor appears to be the most important parameter for safe forming. The optimisation results (Source 1) show that a MAT factor of 1.0927, which is higher than the average MAT factor for safe forming (1.000, Source 2), contributes to achieving a safe forming probability above 80%. In contrast, a lower MAT factor of 0.985 is associated with a higher risk of crack (Source 3). This suggests that the MAT factor has a significant impact on the safe forming outcome."
What is the difference between Concave and Rectangular geometry?,"I can only answer questions about sheet metal forming and the provided context. The context does not mention ""Concave"" geometry, but it does provide information about two geometry types (0 and 1) in deep drawing simulations. If you're looking for information about the difference between specific geometries, I can tell you that the context does provide data for geometry types 0 and 1, but it does not explicitly describe their shapes."
What are the optimal process parameters found by PSO?,"The optimal process parameters found by PSO are: 
- MAT: 1.0927 factor
- FC: 0.0883 coefficient
- SHTK: 0.9896 mm
- BF: 311558 kN. 

These parameters achieve a safe forming probability above 80%."
How does sheet thickness affect crack risk?,"Sheet thickness (SHTK) significantly affects crack risk in sheet metal forming. According to Source 1, thinner sheets below 0.97mm are at higher risk of cracking, while thicker sheets above 0.985mm provide better resistance to cracking. Specifically, the average SHTK for simulations with a Risk of Crack is 0.9609mm (Source 2), indicating that thinner sheets are more prone to cracking. Additionally, when Blank Holder Force (BF) exceeds 350kN, the thinning ratio increases significantly, further increasing crack risk for thin sheets."
